peptide,HLA,immunogenicity
NVFAFPFTIY,HLA-B*1501,0
IEYPIIGDEL,HLA-B*4001,1
SELVIGAVIL,HLA-B*4001,0
GYINVFAFPF,HLA-A*2402,0
IQYIDIGNY,HLA-B*1501,0
FLAFVVFLL,HLA-A*0201,0
KVSIWNLDY,HLA-B*1501,0
FIAGLIAIV,HLA-A*0201,0
KLFAAETLK,HLA-A*0301,1
VTLAILTALR,HLA-A*1101,0
QYIKWPWYI,HLA-A*2402,1
NPANNAAIVL,HLA-B*0702,0
QRNAPRITF,HLA-C*0702,0
LEYHDVRVVL,HLA-B*4001,0
SYFIASFRLF,HLA-A*2402,0
YIDIGNYTV,HLA-A*0201,0
KLLEQWNLV,HLA-A*0201,0
EYHDVRVVL,HLA-C*0702,0
GTITVEELKK,HLA-A*1101,0
VRFPNITNL,HLA-C*0702,0
IRQEEVQEL,HLA-C*0702,0
NYMPYFFTL,HLA-C*0702,0
GTGPEAGLPY,HLA-A*0101,0
RQEEVQELY,HLA-B*1501,0
RQEEVQELY,HLA-A*0101,0
ASMPTTIAK,HLA-A*1101,0
NRFLYIIKL,HLA-C*0702,0
TPINLVRDL,HLA-B*0702,0
RIAGHHLGR,HLA-A*0301,0
WLSYFIASF,HLA-B*1501,0
ATEGALNTPK,HLA-A*1101,0
FIRQEEVQEL,HLA-A*0201,0
ASKIITLKK,HLA-A*1101,0
KKADETQAL,HLA-C*0702,0
MEVTPSGTWL,HLA-B*4001,0
SPDDQIGYY,HLA-A*0101,0
AEIVDTVSAL,HLA-B*4001,0
VYIGDPAQL,HLA-A*2402,0
APHGHVMVEL,HLA-B*0702,0
AGDSGFAAY,HLA-A*0101,0
NESLIDLQEL,HLA-B*4001,0
FLYLYALVY,HLA-B*1501,0
APFLYLYAL,HLA-B*0702,0
ASAFFGMSR,HLA-A*1101,0
FPFTIYSLLL,HLA-B*0702,0
SVLNDILSR,HLA-A*1101,0
RPLLESELVI,HLA-B*0702,0
LTDEMIAQY,HLA-A*0101,0
VTYVPAQEK,HLA-A*0301,0
KTFPPTEPKK,HLA-A*0301,0
FPRGQGVPI,HLA-B*0702,0
TTDPSFLGRY,HLA-A*0101,1
KPSFYVYSRV,HLA-B*0702,0
LLNKHIDAY,HLA-B*1501,0
LLLLDRLNQL,HLA-A*0201,0
HPLADNKFAL,HLA-B*0702,0
YEGNSPFHPL,HLA-B*4001,1
SSTASALGK,HLA-A*1101,0
TEVPANSTVL,HLA-B*4001,0
VYDPLQPEL,HLA-C*0702,0
PFHPLADNKF,HLA-A*2402,0
VLQLPQGTTL,HLA-A*0201,0
NIVNVSLVK,HLA-A*0301,0
IYNDKVAGF,HLA-C*0702,0
ALSKGVHFV,HLA-A*0201,0
GVKHVYQLR,HLA-A*1101,0
KLDDKDPNFK,HLA-A*0301,0
TPKYKFVRI,HLA-B*0801,1
LVKPSFYVY,HLA-B*1501,0
FVKHKHAFL,HLA-B*0801,0
LIDLQELGKY,HLA-A*0101,0
FLLPSLATV,HLA-A*0201,0
VYFLQSINF,HLA-A*2402,0
YLKLRSDVL,HLA-B*0801,0
NLIIKNLSK,HLA-A*1101,0
NLIIKNLSK,HLA-A*0301,0
QLRARSVSPK,HLA-A*0301,0
EPKLGSLVV,HLA-B*0702,0
VLKGVKLHY,HLA-B*1501,0
TEAFEKMVSL,HLA-B*4001,0
SEPVLKGVKL,HLA-B*4001,0
YYQLYSTQL,HLA-C*0702,0
FYVYSRVKNL,HLA-A*2402,0
EPVLKGVKL,HLA-B*0801,0
GAKLKALNL,HLA-B*0801,0
DLKGKYVQI,HLA-B*0801,1
RLFRKSNLK,HLA-A*0301,0
EAFEKMVSL,HLA-B*0801,1
VPMEKLKTL,HLA-B*0801,0
YQKVGMQKY,HLA-B*1501,0
IIKNLSKSL,HLA-B*0801,0
TLDSKTQSL,HLA-B*0801,0
