peptide,binding_TCR,label
KASEKIFYV,CATSSFRMTGDNSPLHF,1
KASEKIFYV,CASSQDSHSTSTDTQYF,1
KASEKIFYV,CASSWEYEQYF,1
KASEKIFYV,CASSALFSGANVLTF,1
KASEKIFYV,CSALENGWTSGTYEQYF,0
KASEKIFYV,CASSLSLTRPYNEQFF,0
KASEKIFYV,CASTSVRGYGYTF,0
KASEKIFYV,CASTSTPGGRYEQYF,0
VYALIAGATL,CASHPVGSLTDTQYF,1
VYALIAGATL,CASSPTLYNEQFF,1
VYALIAGATL,CASSEWVFWSSYNSPLHF,1
VYALIAGATL,CASSLSYLNEQFF,1
VYALIAGATL,CASSELGVAPLHF,0
VYALIAGATL,CSAPRPGEDQPQHF,0
VYALIAGATL,CATSRKLPSNEKLFF,0
VYALIAGATL,CASTSTGGGPEAFF,0
APARLERRHSA,CASSLLKAANYGYTF,1
APARLERRHSA,CASRAVINTDTQYF,1
APARLERRHSA,CASSTTSGGAHNEQFF,1
APARLERRHSA,CASRDGRVHQPQHF,1
APARLERRHSA,CASSGQTVYYGYTF,0
APARLERRHSA,CATSGGDRSSYTF,0
APARLERRHSA,CASSFIRDRGGNEQFF,0
APARLERRHSA,CASSHRRGNGEKLFF,0
HMTEVVRHC,CAISELVTGDSPLHF,1
HMTEVVRHC,CASSEGLWQVGDEQYF,1
HMTEVVRHC,CASSLDPGDTGELFF,1
HMTEVVRHC,CASSIQQGADTQYF,1
HMTEVVRHC,CASSHISAKETQYF,0
HMTEVVRHC,CAISDPGRTNQPQHF,0
HMTEVVRHC,CASTTDRGSPDIPF,0
HMTEVVRHC,CASRDKDRGRGYTF,0
FYGKTILWF,CASSLGQGCSNQPQHF,1
FYGKTILWF,CASSRGTLHYGYTF,1
FYGKTILWF,CASSLGAAPQETQYF,1
FYGKTILWF,CASSTRVVAGNNEQFF,1
FYGKTILWF,CASTDSGQSYEQYF,0
FYGKTILWF,CASSDRDSSKNIQYF,0
FYGKTILWF,CAISETITGTLSNYGYTF,0
FYGKTILWF,CSARNPDGLNIQYF,0
AAFKRSCLK,CASSQGFGANVLTF,1
AAFKRSCLK,CASSQDPGSSYNEQFF,1
AAFKRSCLK,CATSRDGAGLVNQPQHF,1
AAFKRSCLK,CASVSGQGVSPLHF,1
AAFKRSCLK,CATSRDSVFRGSSTEAFF,0
AAFKRSCLK,CASSTGWGKQFF,0
AAFKRSCLK,CASSPGQGTNPGPQHF,0
AAFKRSCLK,CSARGFRQSSTDTQYF,0
CCIEVINNT,CASRGQNTGELFF,1
CCIEVINNT,CASSDTPDLNTEAFF,1
CCIEVINNT,CASSVLNTGELFF,1
CCIEVINNT,CASRSQNYYGYTF,1
CCIEVINNT,CASRAIVGGNYNEQFF,0
CCIEVINNT,CASREATSGFQETQYF,0
CCIEVINNT,CSARTASGGYNEQFF,0
CCIEVINNT,CASSRTGNNSPLHL,0
RKTVRARSRTPSCRSRSHTPSRRRR,CASSRDRSNEQFF,1
RKTVRARSRTPSCRSRSHTPSRRRR,CASSLIRSEAFF,1
RKTVRARSRTPSCRSRSHTPSRRRR,CASSFIRTGQYF,1
RKTVRARSRTPSCRSRSHTPSRRRR,CASSLVDRRGEKLFF,1
RKTVRARSRTPSCRSRSHTPSRRRR,CASSLVVPSNTDTQYF,0
RKTVRARSRTPSCRSRSHTPSRRRR,CASSFSTSGRENTGELFF,0
RKTVRARSRTPSCRSRSHTPSRRRR,CASSLTGTSGSNEQYF,0
RKTVRARSRTPSCRSRSHTPSRRRR,CASSPPKGRGYTF,0
ESEERPPTPY,CASSYGIYEQFF,1
ESEERPPTPY,CASSWEGQYNEQFF,1
ESEERPPTPY,CASSSEGQFNEQFF,1
ESEERPPTPY,CASSPEGVFNEQFF,1
ESEERPPTPY,CASSLSPPGVNTEAFF,0
ESEERPPTPY,CSSSQGERQGLRETQYF,0
ESEERPPTPY,CSAKLAGGTLAKNIQYF,0
ESEERPPTPY,CASSFYPTETQYF,0
GQFLTPNSH,CASRFVAPSDGYNEQFF,1
GQFLTPNSH,CAISEVGTGSSGNTIYF,1
GQFLTPNSH,CASSLGQGRVEQYF,1
GQFLTPNSH,CAITSGQGNNEQYF,1
GQFLTPNSH,CASSVLNSGVEEKLFF,0
GQFLTPNSH,CASSKHVGGIRDTIYF,0
GQFLTPNSH,CAWSPRQGRTRFREQFF,0
GQFLTPNSH,CAIRGASANGLTF,0
LAMPFATPM,CASSLGTSGIQFF,1
LAMPFATPM,CASSYRTGSDEQFF,1
LAMPFATPM,CASSLPLGYEQYF,1
LAMPFATPM,CASSIGQNAEAFF,0
LAMPFATPM,CVSSYNGEQGAAGNTIYF,0
LAMPFATPM,CSVSAPGTNYNEQFF,0
IPLTEEAEL,CASRTRGGTLIEQYF,1
IPLTEEAEL,CASSFRGGKTQYF,1
IPLTEEAEL,ASRTRGGTLIEQY,1
IPLTEEAEL,CSAFGRVLSGNTIYF,0
IPLTEEAEL,CASSSGVTSGKTGANVLTF,0
IPLTEEAEL,CASSFSWGRNGGYTF,0
AVYDGREHTV,ASSSDQNSGDPYEQYF,1
AVYDGREHTV,CASSFLMTSGDYEQYF,1
AVYDGREHTV,CASSSDQNGDPYEQYF,1
AVYDGREHTV,CSATNGLNTEAFF,0
AVYDGREHTV,CASSHRDRIGWGHSNQPQHF,0
AVYDGREHTV,CSARDSDRDREKLFF,0
GILEFVFTL,CASSIRSSYEQYF,1
GILEFVFTL,ASSSRSSYEQY,1
GILEFVFTL,ASSIRSSYEQY,1
GILEFVFTL,CATSSGRVLDEAFF,0
GILEFVFTL,CASSMRARAGSDTQYF,0
GILEFVFTL,CASSSDRVPQHF,0
SSCMGGMNWR,CASSFGSGSTDTQYF,1
SSCMGGMNWR,CASNLGGGSTDTQYF,1
SSCMGGMNWR,CASSLGTGSTDTQYF,1
SSCMGGMNWR,CASRKLAGDFADTQYF,0
SSCMGGMNWR,CASRRQGSSATNEKLFF,0
SSCMGGMNWR,CASSVDGTGGPNQPQHF,0
ARNLVPMVATVQGQN,CATESTGIGGYTF,1
ARNLVPMVATVQGQN,CASTDGQKNSPLHF,1
ARNLVPMVATVQGQN,CASSYNSAGYNEQFF,1
ARNLVPMVATVQGQN,CASAQSVNEQYF,0
ARNLVPMVATVQGQN,CASSESIGPPDNQPQHF,0
ARNLVPMVATVQGQN,CAWSASGGPGNTIYF,0
KLYGLDWAEL,CASSPRNLGPSGSYEQYF,1
KLYGLDWAEL,CASRPSRGTNYGYTF,1
KLYGLDWAEL,CASSERGMVEAFF,1
KLYGLDWAEL,CSAALTGLYGYTF,0
KLYGLDWAEL,CASSLAAGAIGDTQYF,0
KLYGLDWAEL,CASSLTGPNGDSQYF,0
IMIEFCPGG,CASRGQNTGELFF,1
IMIEFCPGG,CASSVLNTGELFF,1
IMIEFCPGG,CASSIIAGSSYNEQFF,1
IMIEFCPGG,CAIADPRGHTGELFF,0
IMIEFCPGG,CASLTGTPSYEQYF,0
IMIEFCPGG,CASRNARGHVLTF,0
YLEPGAVTA,ASSFIGGTDTQY,1
YLEPGAVTA,ASSFIGGTDTQYFG,1
YLEPGAVTA,ASSIGGPYEQYFG,1
YLEPGAVTA,CASSPVQARGTFEQYF,0
YLEPGAVTA,CATTLGARGPPRSNQPQHF,0
YLEPGAVTA,CASGQGDFYNEQFF,0
YHSIEWAI,CASSPGPNQPQHF,1
YHSIEWAI,CASSFRDEDPGNTIYF,1
YHSIEWAI,CASTPTGNTEAFF,1
YHSIEWAI,CSARDPYIDTQYF,0
YHSIEWAI,CSASFGPADRYEQYF,0
YHSIEWAI,CASRLIGGVGFFF,0
KTVGIYPNA,CASRGQNTGELFF,1
KTVGIYPNA,CASSVLNTGELFF,1
KTVGIYPNA,CASSIIAGSSYNEQFF,1
KTVGIYPNA,CASSWRSTGQGTYEQYF,0
KTVGIYPNA,CASASVTRSGNTIYF,0
KTVGIYPNA,CASSRDRTTSQYF,0
FDVMVMPNL,CASRGQNTGELFF,1
FDVMVMPNL,CASSVLNTGELFF,1
FDVMVMPNL,CASSIIAGSSYNEQFF,1
FDVMVMPNL,CASSLRTEDHQPQHF,0
FDVMVMPNL,CTSSQTLRDRDYNEQFF,0
FDVMVMPNL,CASSFNNGYTQYF,0
GTSGSPIVAR,CASSLGQGSYEQY,1
GTSGSPIVAR,CASTTGGGGYEQY,1
GTSGSPIVAR,CASSLGQGLLYGYT,1
GTSGSPIVAR,CASSHQQPGGNSPLHF,0
GTSGSPIVAR,CAPISERHTEAFF,0
GTSGSPIVAR,CASTQARANYGYTF,0
YLEAGPVTA,ASSFIGGTDTQY,1
YLEAGPVTA,ASSFIGGTDTQYFG,1
YLEAGPVTA,ASSIGGPYEQYFG,1
YLEAGPVTA,CASSQYRNREETQYF,0
YLEAGPVTA,CASSQEWTNEQYF,0
YLEAGPVTA,CASSEGSVSSYNEQFF,0
RCMLQCPSV,CASRGQNTGELFF,1
RCMLQCPSV,CAIRQFDANTGELFF,1
RCMLQCPSV,CASSVLNTGELFF,1
RCMLQCPSV,CASSGQAPREPQHF,0
RCMLQCPSV,CATAGQEGAKNIQYF,0
RCMLQCPSV,CASGLAGDLRTGELFF,0
CHIPVEPNT,CASRGQNTGELFF,1
CHIPVEPNT,CASSVLNTGELFF,1
CHIPVEPNT,CASSIIAGSSYNEQFF,1
CHIPVEPNT,CASSFGGATTANQPQHF,0
CHIPVEPNT,CASSLWAPPAGNTIYF,0
CHIPVEPNT,CSSSQPGWGTGANVLTF,0
NNILIATCV,CASRGQNTGELFF,1
NNILIATCV,CASSDTPDLNTEAFF,1
NNILIATCV,CASSVLNTGELFF,1
NNILIATCV,CASSLSGHGLPNEQFF,0
NNILIATCV,CASSLNWGRTEAFF,0
NNILIATCV,CASSSTPGQDPTDTQYF,0
YLEPGPATA,ASSFIGGTDTQY,1
YLEPGPATA,ASSFIGGTDTQYFG,1
YLEPGPATA,ASSIGGPYEQYFG,1
YLEPGPATA,CASSPGTASYTTEAFF,0
YLEPGPATA,CASRKLQGATYEQYF,0
YLEPGPATA,CASSPSSGFGYGYTF,0
ALEPGPVTA,ASSFIGGTDTQY,1
ALEPGPVTA,ASSFIGGTDTQYFG,1
ALEPGPVTA,ASSIGGPYEQYFG,1
ALEPGPVTA,CSARDPGGDKNIQYF,0
ALEPGPVTA,CASSTSGRLRHYEQYF,0
ALEPGPVTA,CAWSPGYQTQYF,0
GAVECCPNC,CASRGQNTGELFF,1
GAVECCPNC,CASSILGASNQPQHF,1
GAVECCPNC,CASSVLNTGELFF,1
GAVECCPNC,CASSAAGGFNEKLFF,0
GAVECCPNC,CAISESSARTGYGYTF,0
GAVECCPNC,CSARWAVQVGYTF,0
LHMEFCSCC,CASRGQNTGELFF,1
LHMEFCSCC,CAIRQFDANTGELFF,1
LHMEFCSCC,CASSVLNTGELFF,1
LHMEFCSCC,CASAGDYEQYF,0
LHMEFCSCC,CACTGYNQPQHF,0
LHMEFCSCC,CASNDQGAGGQPQHF,0
YLEPGPVAA,ASSFIGGTDTQY,1
YLEPGPVAA,ASSFIGGTDTQYFG,1
YLEPGPVAA,ASSIGGPYEQYFG,1
YLEPGPVAA,CASSAWTSFAKNIQYF,0
YLEPGPVAA,CASSVDRDPYNEQFF,0
YLEPGPVAA,CASSLNVWGREGQYNEQFF,0
GTSGAPIVNR,CASSLGQGSYEQY,1
GTSGAPIVNR,CASTTGGGGYEQY,1
GTSGAPIVNR,CASSLGQGLLYGYT,1
GTSGAPIVNR,CASSQRAGYNEQFF,0
GTSGAPIVNR,CASSETGGKTEAFF,0
GTSGAPIVNR,CAWRNAPSRGFTEAFF,0
GTSGSPIVDR,CASSLGQGSYEQY,1
GTSGSPIVDR,CASTTGGGGYEQY,1
GTSGSPIVDR,CASSLGQGLLYGYT,1
GTSGSPIVDR,CSANPGQGREQYF,0
GTSGSPIVDR,CASKTGGGGKETQYF,0
GTSGSPIVDR,CSSSLDTRNQPQHF,0
RQFGPDFPTI,ASSLWEKLAKNIQY,1
RQFGPDFPTI,CASSLWEKLAKNIQYF,1
RQFGPDFPTI,CASSVWSGGQETQYF,0
RQFGPDFPTI,CASSRTPGTSGGANTGELFF,0
RQWGPDPAAV,ASSLWEKLAKNIQY,1
RQWGPDPAAV,CASSLWEKLAKNIQYF,1
RQWGPDPAAV,CAWSRKGDTIYF,0
RQWGPDPAAV,CASSPISGTESNQPQHF,0
ILDQVPFSV,CASSMGGTYEQYF,1
ILDQVPFSV,ASSPGGNEQL,1
ILDQVPFSV,CASSPTLAGRGRDEQYF,0
ILDQVPFSV,CASSAHEADEQYF,0
ESDPIVAQY,ASSFNMATGQY,1
ESDPIVAQY,CASSFNMATGQYF,1
ESDPIVAQY,CASTPGWGTGTYEQYF,0
ESDPIVAQY,CSAVRGSAHEQYF,0
SLFNTIAVL,ASSDTVSYEQY,1
SLFNTIAVL,CASSDTVSYEQYF,1
SLFNTIAVL,CSATAGTSGRLDEQYF,0
SLFNTIAVL,CASRTLSSSYGYTF,0
GVYDGREHTV,ASSSDQNSGDPYEQYF,1
GVYDGREHTV,CASSFLMTSGDPYEQYF,1
GVYDGREHTV,CASSLGGIESGEQFF,0
GVYDGREHTV,CASSFQTRTENEYF,0
YQFGPDFPIA,ASSLWEKLAKNIQY,1
YQFGPDFPIA,CASSLWEKLAKNIQYF,1
YQFGPDFPIA,CASNQARDVNSPLHF,0
YQFGPDFPIA,CASSEALRRLGEQYF,0
SLYNTIATL,ASSDTVSYEQY,1
SLYNTIATL,CASSDTVSYEQYF,1
SLYNTIATL,CASTASWESSYEQYF,0
SLYNTIATL,CASSYGQGARFGELFF,0
RQFGPDWIVA,ASSLWEKLAKNIQY,1
RQFGPDWIVA,CASSLWEKLAKNIQYF,1
RQFGPDWIVA,CAWSADFTNYGYTF,0
RQFGPDWIVA,CASSCGAPNEKLFF,0
AQWGPDPAAA,ASSLWEKLAKNIQY,1
AQWGPDPAAA,CASSLWEKLAKNIQYF,1
AQWGPDPAAA,CASDVGERNTEAFF,0
AQWGPDPAAA,CASSIDLMGHGYEQYF,0
RHDLPPYRVYL,CASSSTGADSHEQFF,1
RHDLPPYRVYL,CASRLVRKKGEDQPQHF,1
RHDLPPYRVYL,CASSREGSGSDTGELFF,0
RHDLPPYRVYL,CASSPKALGSYNEQFF,0
VMAPRTLVL,ASSANPGDSSNEKLF,1
VMAPRTLVL,CASSANPGDSSNEKLFF,1
VMAPRTLVL,CASDVQGRKNQPQHF,0
VMAPRTLVL,CASSSWASRLGTEAFF,0
GILGLVFTL,ASSSRSSYEQY,1
GILGLVFTL,CASSSRSSYEQYF,1
GILGLVFTL,CSAPPGSGRAAEQFF,0
GILGLVFTL,CASRAGTTATGELFF,0
GEEDGAGGHSL,CASSQAGGTGELFF,1
GEEDGAGGHSL,CASSRSTGGSGNTIYF,1
GEEDGAGGHSL,CASSLGIRGVYYGYTF,0
GEEDGAGGHSL,CASSQILQTPNEQFF,0
EVDPIGHLY,ASSFNMATGQY,1
EVDPIGHLY,CASSFNMATGQYF,1
EVDPIGHLY,YSSGGAGVETQYF,0
EVDPIGHLY,CAGLRLPSGQGSWDEQYF,0
YLGGPDFPTI,ASSLWEKLAKNIQY,1
YLGGPDFPTI,CASSLWEKLAKNIQYF,1
YLGGPDFPTI,CASYPGLAGARQYF,0
YLGGPDFPTI,CSVERTGTSGRVTDTQYF,0
MVWGPDPLYV,ASSLWEKLAKNIQY,1
MVWGPDPLYV,CASSLWEKLAKNIQYF,1
MVWGPDPLYV,CASSEDPDRGWDTQYF,0
MVWGPDPLYV,CASSGTREGNTIYF,0
SMDWFQGQM,CASSRDTVNTEAFF,1
SMDWFQGQM,CASSRDFVSNEQYF,1
SMDWFQGQM,CASSLVGGNEYF,0
SMDWFQGQM,CASSQSRVTSGKTGELFF,0
LMDYWQGQL,CASSRDTVNTEAFF,1
LMDYWQGQL,CASSRDFVSNEQYF,1
LMDYWQGQL,CASSLNPPSMTVAEAFF,0
LMDYWQGQL,CSAREGRKNTEAFF,0
FQAQHIAMA,CASSPGGEGEQYF,1
FQAQHIAMA,CASSLRSSYEQYF,1
FQAQHIAMA,CASSEVPLGGTGELFF,0
FQAQHIAMA,CASSPADIRQETQYF,0
MMDFFNAQM,CASSRDTVNTEAFF,1
MMDFFNAQM,CASSRDFVSNEQYF,1
MMDFFNAQM,CASSPPWSSGRLETQYF,0
MMDFFNAQM,CASSPVRDSPYNEQFF,0
LSEFCRVLCCYVLEE,CASSFATGTAYGYTF,1
LSEFCRVLCCYVLEE,CASSNPQGAKYEQFF,1
LSEFCRVLCCYVLEE,CATSSDSYGASGRGGLWGNEQFF,0
LSEFCRVLCCYVLEE,CASSSYPGQGASGYTF,0
KMDYFSGQL,CASSRDTVNTEAFF,1
KMDYFSGQL,CASSRDFVSNEQYF,1
KMDYFSGQL,CASSQWTGVYEQYF,0
KMDYFSGQL,CASSRGRQGTNEKLFF,0
WLIRETQPITK,CASSLDFSRQETQYF,1
WLIRETQPITK,CASSLYLASNTGELFF,1
WLIRETQPITK,CASSSRRASGGDTQYF,0
WLIRETQPITK,CAGSAGGPLWQQYF,0
NMMWFQGQL,CASSRDTVNTEAFF,1
NMMWFQGQL,CASSRDFVSNEQYF,1
NMMWFQGQL,CASSQDGASGQYF,0
NMMWFQGQL,CASSLGYGRGDYEQYF,0
FMPDFDLHL,CASSLYRGTGELFF,1
FMPDFDLHL,CASSESRSGNQPQHF,1
FMPDFDLHL,CASSRPSASGLNEQYF,0
FMPDFDLHL,CASSVAENRGSLSSYNSPLHF,0
YHSIEWA,CASSPGPNQPQHF,1
YHSIEWA,CASTPTGNTEAFF,1
YHSIEWA,CASSSQEGHQPQHF,0
YHSIEWA,CASSPTRGDRGYGYTF,0
TEDEHFEFY,CSVEDRRGPFYGYTF,1
TEDEHFEFY,CASSNRGYDEQYF,1
TEDEHFEFY,CASSVLPGQGYSGYTF,0
TEDEHFEFY,CASGLVGQREDLNNEQFF,0
YFFWGLWAL,CSARDRNYGYTF,1
YFFWGLWAL,CASSLIRGSYEQYF,1
YFFWGLWAL,CASRVDGTSGSRGELFF,0
YFFWGLWAL,CASSPWDGKGNTEAFF,0
GLLDEDFYA,CASSMRVQSNTGELFF,1
GLLDEDFYA,CASSDRNTNYGYTF,1
GLLDEDFYA,CATSDSRGTASNYGYTF,0
GLLDEDFYA,CASSVLGGGWDTQYF,0
VQIISCQY,CASSGRVTGGFYNEQFF,1
VQIISCQY,CASSFGGAYEQYF,1
VQIISCQY,CASSQDSVKSGYTF,0
VQIISCQY,CSANSRPGQYNEKLFF,0
KTFPPTEPK,CASSRAGTGYNEQFF,1
KTFPPTEPK,CASSPSVYFEVSGANVLTF,1
KTFPPTEPK,CASSVDPGRGRGNTIYF,0
KTFPPTEPK,CASSYSSGTSGPKSTDTQYF,0
NLQREEYTV,CASSGGTGYEQYF,1
NLQREEYTV,CASSTSAANQPQHF,1
NLQREEYTV,CAISELGTENNEQFF,0
NLQREEYTV,CSVPRGLKWNQPQHF,0
KVDPIGHVY,CASSFDRGYGYTF,1
KVDPIGHVY,CASSSQGGYGYTF,1
KVDPIGHVY,CASTVTGFATDTQYF,0
KVDPIGHVY,CASSYTPRHAYNEQFF,0
AARGPHGGAASGL,CAILGQGYGYTF,1
AARGPHGGAASGL,CASQTFSPGQTQF,1
AARGPHGGAASGL,CASSEHRQGAYEQYF,0
AARGPHGGAASGL,CVSSVGGASNQPQHF,0
FLRGRAFGL,ASSLGQAYEQY,1
FLRGRAFGL,ASSFTWTSGGATDTQY,1
FLRGRAFGL,CASSEFYMGGVSTDTQYF,0
FLRGRAFGL,CASSQEAGQGREQFF,0
KLKSLGLNAV,ASRRSAYLQY,1
KLKSLGLNAV,ASRRGSLELV,1
KLKSLGLNAV,CASSYGTVLRELFF,0
KLKSLGLNAV,CAISESPSGTNYEQYF,0
QDVEIPPNI,CASRGQNTGELFF,1
QDVEIPPNI,CASSVLNTGELFF,1
QDVEIPPNI,CASSLAGVSGNYEQYF,0
QDVEIPPNI,CASSAHETGSTEAFF,0
QLRSLGLNAV,ASRRSAYLQY,1
QLRSLGLNAV,ASRRGSLELV,1
QLRSLGLNAV,CASKQNQGRDQPQHF,0
QLRSLGLNAV,CASRRSASAYEQYF,0
KLVVLGINAV,ASRRSAYLQY,1
KLVVLGINAV,ASRRGSLELV,1
KLVVLGINAV,CATTEEEGGTYEQYF,0
KLVVLGINAV,CASSLGRGTINEQFF,0
QLRTLGLNAV,ASRRSAYLQY,1
QLRTLGLNAV,ASRRGSLELV,1
QLRTLGLNAV,RASSLNDGCNQPQHF,0
QLRTLGLNAV,CASSPRLAGSISAGELFF,0
APRGPHGGAASAL,CAILGQGYGYTF,1
APRGPHGGAASAL,CASQTFSPGQTQF,1
APRGPHGGAASAL,CATSLDRGPTDTQYF,0
APRGPHGGAASAL,CASSRRNSGSYEQYF,0
ELAGIAILTV,AWSETGLGMGGWQ,1
ELAGIAILTV,RPGWMAGL,1
ELAGIAILTV,CASSLFWRAHSGANVLTF,0
ELAGIAILTV,CASRVYLAGGQETQYF,0
FLRGRAYVL,ASSLGQAYEQY,1
FLRGRAYVL,ASSFTWTSGGATDTQY,1
FLRGRAYVL,CSVEGTGLRSYEQYF,0
FLRGRAYVL,CASSPRTSGSRRTNTGELFF,0
SYMIMEIEL,CASSQGIAGSNQPQHF,1
SYMIMEIEL,CASRDHRVIYGYTF,1
SYMIMEIEL,CASSYSGTAARSYEQYF,0
SYMIMEIEL,CSALQQGARETQYF,0
APRGPHAGAASGL,CAILGQGYGYTF,1
APRGPHAGAASGL,CASQTFSPGQTQF,1
APRGPHAGAASGL,CASSWSGTGATSSTDTQYF,0
APRGPHAGAASGL,CASTLLGQGLARDTEAFF,0
YLRGRAYGL,ASSLGQAYEQY,1
YLRGRAYGL,ASSFTWTSGGATDTQY,1
YLRGRAYGL,CASSEGPADPYNEQFF,0
YLRGRAYGL,CASSDTASGISSYTDTQYF,0
ELAAIGILTV,AWSETGLGMGGWQ,1
ELAAIGILTV,RPGWMAGL,1
ELAAIGILTV,CASRDAGTASTGYTF,0
ELAAIGILTV,CASSYTPNVYGELFF,0
KIILFLPCI,CASRGQNTGELFF,1
KIILFLPCI,CASSVLNTGELFF,1
KIILFLPCI,CAWSMTGGRHTQYF,0
KIILFLPCI,CASTQGPPGQFF,0
ELAGIGILAV,AWSETGLGMGGWQ,1
ELAGIGILAV,RPGWMAGL,1
ELAGIGILAV,CSASIYRGPSYEQYF,0
ELAGIGILAV,CSGHRDRVHEQYF,0
APRGPHGGAASGA,CAILGQGYGYTF,1
APRGPHGGAASGA,CASQTFSPGQTQF,1
APRGPHGGAASGA,CASSWTGESEQYF,0
APRGPHGGAASGA,CSVEDRQLYGYTF,0
APRGPHGGAAAGL,CAILGQGYGYTF,1
APRGPHGGAAAGL,CASQTFSPGQTQF,1
APRGPHGGAAAGL,CSAQGRFNQPQHF,0
APRGPHGGAAAGL,CASSYSERGAADTQYF,0
QLSSLGLNAV,ASRRSAYLQY,1
QLSSLGLNAV,ASRRGSLELV,1
QLSSLGLNAV,CASSLGRQPANYGYTF,0
QLSSLGLNAV,CASSREQGAIGNQPQHF,0
NLVAMVATV,ASSPVTGGIYGYT,1
NLVAMVATV,CASSLAPGTTNEKLFF,1
NLVAMVATV,CASSVKAGGLDTQYF,0
NLVAMVATV,CASSIAYWEGDTGELFF,0
ALRGMGVNAV,ASRRSAYLQY,1
ALRGMGVNAV,ASRRGSLELV,1
ALRGMGVNAV,CASSLAGREKYF,0
ALRGMGVNAV,CATSAPYGTSGRAGTQYF,0
TSTLQEQIGW,CASSQARGGAETQYF,1
TSTLQEQIGW,CAISRQGARQETQYF,1
TSTLQEQIGW,CASGEGVDDVRVTQYF,0
TSTLQEQIGW,CASSPKRDRETQYF,0
QLTSLGLNAV,ASRRSAYLQY,1
QLTSLGLNAV,ASRRGSLELV,1
QLTSLGLNAV,CASSSLGDMRYNEQFF,0
QLTSLGLNAV,CASSLYGGGQPQHF,0
TLRGRAYGL,ASSLGQAYEQY,1
TLRGRAYGL,ASSFTWTSGGATDTQY,1
TLRGRAYGL,CASSSFSGGQGEQFF,0
TLRGRAYGL,CASSRVDLEIEAFF,0
KLSGLGINAV,ASRRSAYLQY,1
KLSGLGINAV,ASRRGSLELV,1
KLSGLGINAV,CASSGRRTGRTNEQFL,0
KLSGLGINAV,CASSVTGFWGEQYF,0
RVRFFFPSL,CASSLASGSNQPQHF,1
RVRFFFPSL,CATSETGVGYGYTF,0
HQNPVTGLLL,CASSPGREQYF,1
HQNPVTGLLL,CASMGPGETQYF,0
VYFFLPDHL,CASSLLPEGTGRVSGYTF,1
VYFFLPDHL,CASSLARVSYEQYF,0
HRRGSRSYV,CATSSEDSSNQPQHF,1
HRRGSRSYV,CASCRPTSGGADTQYF,0
MEVDPIGHLY,CSANPRTTLYEQYF,1
MEVDPIGHLY,CASSLAAGGPLETQYF,0
RYGSFSVTL,CASSLMGGGNTIYF,1
RYGSFSVTL,CASWPGRTDTQYF,0
MLIGIPVYV,CASSTSTGQGWHYGYTF,1
MLIGIPVYV,CSATVRPSGSSYNEQFF,0
RVSTLRVSL,CASSLSWGSSYNEQFF,1
RVSTLRVSL,CAISVEQGADEQYF,0
EFTVSGNIL,CASSPGVGTEAFF,1
EFTVSGNIL,CSVGPSGPNTGELFF,0
EEAAGIGIL,CASSPHAGGVDEKLFF,1
EEAAGIGIL,CASSLARGTGEGTQYF,0
ESITGSLGPLL,CASSPGASYEQYF,1
ESITGSLGPLL,CASVQGADTGELFF,0
FQDYIKSYL,CASSHHSGGIYNEQFF,1
FQDYIKSYL,CASSLGPDRATEAFF,0
YLYDRLLRV,CASSLDQGAQDNEQFF,1
YLYDRLLRV,CSAKTNWGTDTQYF,0
QLCDVMFYL,CASSLFTGTNEQFF,1
QLCDVMFYL,CSAPSPGQTQETQYF,0
LYPEFIASI,CATSFAPGQGEHGYTF,1
LYPEFIASI,CASSTGVRNSPLHF,0
LLWNTVWNM,CASSSTGGGGELFF,1
LLWNTVWNM,CASSYSRQFNGEQYF,0
YLSNIIPAL,CASSLVSPSEQFF,1
YLSNIIPAL,CSAAGGPPIQETQYF,0
RMEQVDWTV,CASSPSGLAGSNLGNEQFF,1
RMEQVDWTV,CASSYGLVGPPDEQYF,0
SMGVTYEM,CASSLVNGLGYTF,1
SMGVTYEM,CATQRGGDGDASGNTIYF,0
QTNPVTLQY,CASSLNSGHTQYF,1
QTNPVTLQY,CASGLVLGTTTNTGELFF,0
RSGGFSFGK,CASSPNPQGANMDTQYF,1
RSGGFSFGK,CSARKGLELTGELFF,0
KLTESLHKV,CASSSTRGWADTQYF,1
KLTESLHKV,CASSQQTGSSNSPLHF,0
VPLTEDAEL,CASRTRGGTLIEQYF,1
VPLTEDAEL,CSAPTLWGARGNQPQHF,0
FRNEGIHL,CASSVGNGASTDTQYF,1
FRNEGIHL,CASRAGQTGHQPQHF,0
ILCETCLIV,CASSDLPGAPTDTQYF,1
ILCETCLIV,CASSSTSGSRTGELFF,0
NVEYYDIKL,CASSPSGLAGSNLGNEQFF,1
NVEYYDIKL,CATSQGLGPYEQYF,0
VLEEVDWLI,CASSPSGLAGSNLGNEQFF,1
VLEEVDWLI,CSARVLEGNPRGNEQYF,0
FGDVGSTLF,CASSANRGPDTEAFF,1
FGDVGSTLF,CASGGVDLWPQHF,0
WSYDSTLLAY,CASSVERENTGELFF,1
WSYDSTLLAY,CASSKTSGTPRGELFF,0
TMDFYQGQL,CASSRDFVSNEQYF,1
TMDFYQGQL,CSARVMGYQPQHF,0
RLLQCTQQAV,CASSPVYGVAYEQYF,1
RLLQCTQQAV,CASSPTMTSPYGYTF,0
YLSFYTAEQL,CASRTDRFLGAFF,1
YLSFYTAEQL,CASSPWSPWENIQYF,0
LLEDLDWDV,CASSPSGLAGSNLGNEQFF,1
LLEDLDWDV,CSARPATSDIANEKLFF,0
TYDTVHRHL,CASSLDREDEQYF,1
TYDTVHRHL,CASSYSPSSTGDYGYTF,0
IAMAVLYLA,CASSFGTGGYEQYF,1
IAMAVLYLA,CASSFGFTDWRDGYTF,0
TLYSLTLLY,CATGTGGNDYEQYF,1
TLYSLTLLY,CASSLTGPNHNEQFF,0
CISSCNPNL,CASSFGGGLQETQYF,1
CISSCNPNL,CASTPSFGGGLTDTQYF,0
TLEELDWCL,CASSPSGLAGSNLGNEQFF,1
TLEELDWCL,CASISWGGVNGYTF,0
YLSHLPLTCKF,CASSPRPLEGLYGYTF,1
YLSHLPLTCKF,CASSRGTGSGGNQPQHF,0
TLREIRRYQK,CASSQEFVGAVLDTQYF,1
TLREIRRYQK,CATAVGGQNYGYTF,0
VLNGTVHPV,CASSESQGDYYGYTF,1
VLNGTVHPV,CASSLALGGLVVYGYTF,0
RMDYNNMQM,CASSRDTVNTEAFF,1
RMDYNNMQM,CASIGNRAGANVLTF,0
RILLVAASY,CASSLYRGKETQYF,1
RILLVAASY,CSARRLAGVQDTQYF,0
TLEYMDWLV,CASSPSGLAGSNLGNEQFF,1
TLEYMDWLV,CSATSRVGQGRQPQHF,0
SYMIMEIE,CASRDHRVIYGYTF,1
SYMIMEIE,CASRSTTGMQETQYF,0
LMDMHNGQL,CASSRDTVNTEAFF,1
LMDMHNGQL,CASSLEGGFIDEQYF,0
EMLFSHGLVK,CASSPGTVKETQYF,1
EMLFSHGLVK,CASSLYRGGWQETQYF,0
EHEGSGPEL,CASSLAGSKLYEQYF,1
EHEGSGPEL,CSAGLEADTQYF,0
WLDNFELCL,CASSPSGLAGSNLGNEQFF,1
WLDNFELCL,CASSAQQGVNTEALF,0
AMAVLYLAL,CSAIYREGNTGELFF,1
AMAVLYLAL,CASSDSTENYGYTF,0
MMWDRGLGMM,CASSLSFGTEAFF,1
MMWDRGLGMM,CASSQSGTGWETQYF,0
YLCLQNNFI,CASSLWAGHGYTF,1
YLCLQNNFI,CAWSVPFQETQYF,0
YMGVSYEM,CASSLVNGLGYTF,1
YMGVSYEM,CASSTDPGGTDTQYF,0
ALWGFFPVL,CASSDWVSYEQYF,1
ALWGFFPVL,CASSLASSGQGLYEQYF,0
MPYGYVLNEF,CASRPWTGANEKLFF,1
MPYGYVLNEF,CAITASKGGLAGELFF,0
LLQCTQQAV,CASSQDRGIGYGYTF,1
LLQCTQQAV,CATSRSPHSTDTQYF,0
KLEFMDWRL,CASSPSGLAGSNLGNEQFF,1
KLEFMDWRL,CASSDLNPLYEQFF,0
KLVALVINAV,CASRRGPYEQYF,1
KLVALVINAV,CASSSSVSKGYTF,0
EDVPSGKLFMHVTLG,CASAGETQYF,1
EDVPSGKLFMHVTLG,CASSLLTIDSYEQYF,0
FVVPYMIYLL,CASSLSGGLLRTGELFF,1
FVVPYMIYLL,CASTPAGRTTSSYEQYF,0
NMEYMTWDV,CASSPSGLAGSNLGNEQFF,1
NMEYMTWDV,CASSSQTSIVNDEQFF,0
EMMLFDWKV,CASSPSGLAGSNLGNEQFF,1
EMMLFDWKV,CASSSSKTQQFF,0
HIMPDTAEI,CSVRSGNEQFF,1
HIMPDTAEI,CASVIGPGTNTEAFF,0
RLDAMNGQL,CASSRDTVNTEAFF,1
RLDAMNGQL,CASSLVGSSGRTTDTQYF,0
YMGVVYEM,CASSLVNGLGYTF,1
YMGVVYEM,CASRPGGNRESAQHF,0
KMGVTYEM,CASSLVNGLGYTF,1
KMGVTYEM,CASSEYRTPQHF,0
SMLGIGIVPV,CASSLSFGTEAFF,1
SMLGIGIVPV,CSRKGGNTEKLFF,0
EVLPFFLFF,CASSHQAGALYNEQFF,1
EVLPFFLFF,CASGYRVGQPQHF,0
SLSKILDTV,CASSPLDVSISSYNEQFF,1
SLSKILDTV,CASSRRPSRDYGYTF,0
GMDYHNGHL,CASSRDTVNTEAFF,1
GMDYHNGHL,CASSPTGTVGTYGYTF,0
TMETIDWKV,CASSPSGLAGSNLGNEQFF,1
TMETIDWKV,CASSQILLPTHEQFF,0
FMGVTYEM,CASSLVNGLGYTF,1
FMGVTYEM,CSARPGTADNEQFF,0
KQWLVWLFL,CASSRTSPTDTQYF,1
KQWLVWLFL,CSATPGVGRSGANVLTF,0
MVNTVAGAMK,CASSVGGGVTDTQYF,1
MVNTVAGAMK,CASTPLNTAGYGYTF,0
VLDLFQGQL,CASSRDTVNTEAFF,1
VLDLFQGQL,CASSKGGSFQPQHF,0
KLEQLDWTV,CASSPSGLAGSNLGNEQFF,1
KLEQLDWTV,CASSQTPRGRNYGYTF,0
MLFSHGLVK,CAWSAASGGAQDTQYF,1
MLFSHGLVK,CASSMTIAGGPDTQYF,0
LASYFFWGL,CASSGRSTDTQYF,1
LASYFFWGL,CASSKEERENTEAFF,0
GTIRPEIPDYF,CASTGSYGYTFGSGTRLTVT,1
GTIRPEIPDYF,CASSLGLGRRNEKLFF,0
EIAGIGILTV,RPGWMAGL,1
EIAGIGILTV,CASSRGFGAGSGANVLTF,0
GIWGFVFTL,ASSSRSSYEQY,1
GIWGFVFTL,CASSPSSTGAGDQPQHF,0
ASFRPELAEFW,CASTGSYGYTFGSGTRLTVT,1
ASFRPELAEFW,CSAGRDPSYNEQFF,0
APQPAPENAY,ASPGLAGEYEQY,1
APQPAPENAY,CASSIDRLGGNYGYTF,0
ELAGIGILTI,RPGWMAGL,1
ELAGIGILTI,CASSLSREFSGELFF,0
SWISDIRAGTAPLCRNHIKSSCSLI,CASSYSKAGGPGEDTQYF,1
SWISDIRAGTAPLCRNHIKSSCSLI,CASSMSGFHEQYF,0
CLGALLTMV,ASSYVSQNNEQF,1
CLGALLTMV,CASSLDNGRAQYF,0
GSLSPELRPIF,CASTGSYGYTFGSGTRLTVT,1
GSLSPELRPIF,CASNKEGMNTEAFF,0
LSITPEIAPYF,CASTGSYGYTFGSGTRLTVT,1
LSITPEIAPYF,CASSYPSNEKLFF,0
NLVPMVASV,ASSPVTGGIYGYT,1
NLVPMVASV,CASKGGRRYGYTF,0
NLVPVVATV,ASSPVTGGIYGYT,1
NLVPVVATV,CASGEREPTLL,0
NSLKPEIPDYF,CASTGSYGYTFGSGTRLTVT,1
NSLKPEIPDYF,CASRAGGEGRRNEQFF,0
HSKKKCDEI,ASSLRGRGDQPQH,1
HSKKKCDEI,CASSAQLGQANTGELFF,0
SSFSPELRMRW,CASTGSYGYTFGSGTRLTVT,1
SSFSPELRMRW,CSGSSGGSDEQYF,0
LTISPEIPPYF,CASTGSYGYTFGSGTRLTVT,1
LTISPEIPPYF,CASSLELRGIQQFF,0
CLGGLATMV,ASSYVSQNNEQF,1
CLGGLATMV,CASRDRGVPWEQFF,0
FLAGGIGIRTL,AWSETGLGTGELF,1
FLAGGIGIRTL,CASSSDRGVMRNQPQHF,0
ILAAFLHWL,ASSYQGTEAF,1
ILAAFLHWL,CASSVTDRAGKNSQYF,0
LPLKMLNI,CASSSGQVQETQYF,1
LPLKMLNI,CSAGRGLGYTF,0
ELAGIGIITV,RPGWMAGL,1
ELAGIGIITV,CASRWTGSVEQYF,0
APRGPAGGAASGL,CASQTFSPGQTQF,1
APRGPAGGAASGL,CASKVGSESGELFF,0
LTITPEIAPFF,CASTGSYGYTFGSGTRLTVT,1
LTITPEIAPFF,CASSEGRQSPGYTF,0
CLAGLLTMV,ASSYVSQNNEQF,1
CLAGLLTMV,CASTGTAGGRKYNEQFF,0
LTITPEIRPYF,CASTGSYGYTFGSGTRLTVT,1
LTITPEIRPYF,CASSPSGIGITEQFF,0
ELAGIGILTA,RPGWMAGL,1
ELAGIGILTA,CSAAQPGNRAFF,0
ELAGIGILSV,RPGWMAGL,1
ELAGIGILSV,CASSGQTLLNSPLHF,0
DLAGIGILTV,RPGWMAGL,1
DLAGIGILTV,CASSSPGRGGSNYGYTF,0
MVIGIPVYV,CASSTSTGQGWHYGYTF,1
MVIGIPVYV,CASSETWNLPGQVGGGNSYEQYF,0
KSLAPEVRDLF,CASTGSYGYTFGSGTRLTVT,1
KSLAPEVRDLF,CSVIPPRESVATDTQYF,0
KSLTPEVRGYW,CASTGSYGYTFGSGTRLTVT,1
KSLTPEVRGYW,CAITERGRSDTQYF,0
LAITPEIAPYF,CASTGSYGYTFGSGTRLTVT,1
LAITPEIAPYF,CASSHNVEQYF,0
NLVGMVATV,ASSPVTGGIYGYT,1
NLVGMVATV,CASSVGNSPSYNEQFF,0
NSFRPEVAMKY,CASTGSYGYTFGSGTRLTVT,1
NSFRPEVAMKY,CASSLLVQLVQPQHF,0
WLLPAWGV,AWSETGLGTGELF,1
WLLPAWGV,CASSLPPGRVPYEQYF,0
LLFGYPVFV,ASRPGLAGGRPEQY,1
LLFGYPVFV,CASTPTLGQTEQYF,0
NLVPQVATV,ASSPVTGGIYGYT,1
NLVPQVATV,CSVARGREGKISYEQYF,0
LTISPEIPSYF,CASTGSYGYTFGSGTRLTVT,1
LTISPEIPSYF,CASSPWYPETGNTIYF,0
FLTGIGIITV,AWSETGLGTGELF,1
FLTGIGIITV,CASSWGLAGVQYEQYF,0
LSGSPELRMIF,CASTGSYGYTFGSGTRLTVT,1
LSGSPELRMIF,CASSLSGGDSTIAFF,0
WLLPTWGV,AWSETGLGTGELF,1
WLLPTWGV,CSAEGGRTGGTDTQYF,0
HPVAEADYFEY,ASSARSGELF,1
HPVAEADYFEY,CSARRELGGYTF,0
KAANIVLTV,CASSPSWLSGVTQYF,1
KAANIVLTV,CATSHTGNTIYF,0
LTLTPEIAPYF,CASTGSYGYTFGSGTRLTVT,1
LTLTPEIAPYF,CSARDLTGDSLLAFF,0
ELAGIGALTV,AWSETGLGMGGWQ,1
ELAGIGALTV,CASSSERASQQYF,0
LTITPEIAPYF,CASTGSYGYTFGSGTRLTVT,1
LTITPEIAPYF,CATHTGIQETQYF,0
YLYDRLLRI,CASSLDQGAQDNEQFF,1
YLYDRLLRI,CASSLDAGTSGRDTQYF,0
ASFSPELRMAW,CASTGSYGYTFGSGTRLTVT,1
ASFSPELRMAW,CASSLLAGDRVDEQYF,0
ELGGIGILTV,RPGWMAGL,1
ELGGIGILTV,CSARNVLANEQYF,0
YIDDVVLGA,CASSYLTGEGDYGYTF,1
YIDDVVLGA,CASGRTAASTDTQYF,0
LPEPLPQGALTAY,ASPGLAGEYEQY,1
LPEPLPQGALTAY,CASSERGRGNSGNTIYF,0
APAGPHGGAASGL,CAILGQGYGYTF,1
APAGPHGGAASGL,CASSGFRDRAGNQPQHF,0
ILAKFAHWL,ASSYQGTEAF,1
ILAKFAHWL,CSFSPDSTNYGYTF,0
ALGGLLTMV,ASSYVSQNNEQF,1
ALGGLLTMV,CASSIEARKAAFF,0
LPEALPQGQLTAY,ASPGLAGEYEQY,1
LPEALPQGQLTAY,CASSPGEYSYNSPLHF,0
FLRGRFYGL,ASSLGQAYEQY,1
FLRGRFYGL,CASSPPSSGRETQYF,0
WTYRPEVRGVW,CASTGSYGYTFGSGTRLTVT,1
WTYRPEVRGVW,CSARELRRDTGELFF,0
RLSDFSEQL,CASTPLSNQPQHF,1
RLSDFSEQL,CSGRWENQAFF,0
ELAGIGLLTV,RPGWMAGL,1
ELAGIGLLTV,CASSPPSVSGSSSEQYF,0
LPEPLPQGQATAY,ASPGLAGEYEQY,1
LPEPLPQGQATAY,CASSERGQGSGGNTEAFF,0
YSFKPELKEIF,CASTGSYGYTFGSGTRLTVT,1
YSFKPELKEIF,CASSRMPQHF,0
RSFVPEIGMGF,CASTGSYGYTFGSGTRLTVT,1
RSFVPEIGMGF,CASSYSGQGLDYGYTF,0
LLYGFVNYI,ASRPGLAGGRPEQY,1
LLYGFVNYI,CASSPFLRQFSGSSYEQYF,0
RTYVPEIKHRW,CASTGSYGYTFGSGTRLTVT,1
RTYVPEIKHRW,CASSPPPPLETQYF,0
LLHGFSFYL,CATSTRDTGNEQFF,1
LLHGFSFYL,CATSAGGSWSEAFF,0
YLCSGSSYF,CASSDGGISYNEQF,1
YLCSGSSYF,CATSEPGQGGGYNEQFF,0
NLVPTVATV,ASSPVTGGIYGYT,1
NLVPTVATV,CASSLIQGTIYEQYF,0
CLGGLLAMV,ASSYVSQNNEQF,1
CLGGLLAMV,CASSFLNTGSGANVLTF,0
KSCTPEVREYF,CASTGSYGYTFGSGTRLTVT,1
KSCTPEVREYF,CASILHGTSEETQYF,0
YMDDVVLGA,CASSYLTGEGDYGYTF,1
YMDDVVLGA,CASSLEVRGGGWTDTQYF,0
IAGLGLLTV,RPGWMAGL,1
IAGLGLLTV,CSVATGNEKLFF,0
FATGIGIITV,AWSETGLGTGELF,1
FATGIGIITV,CASSPGTSGFSLSDTQYF,0
FLPSDFFPSV,CASSRRRDLGNEQFF,1
FLPSDFFPSV,CASRGGLAGGRDTGELFF,0
SVASTITGV,CASSYFGGSLSEQYF,1
SVASTITGV,CASKGGMGTYSNQPQHF,0
HSRKKCDEL,ASSLRGRGDQPQH,1
HSRKKCDEL,CAIRTTSFEQYF,0
NLAPMVATV,CASSLAPGTTNEKLFF,1
NLAPMVATV,CASSANGGKYEQFF,0
LLYGFVNYV,ASRPGLAGGRPEQY,1
LLYGFVNYV,CAWTFRSGTVEQYF,0
SSGVPEVRMMF,CASTGSYGYTFGSGTRLTVT,1
SSGVPEVRMMF,CASTSSDEGYEQYF,0
GSLAPEIRMYW,CASTGSYGYTFGSGTRLTVT,1
GSLAPEIRMYW,CASSFSGSLTDTQYF,0
NSVKPEIRPVW,CASTGSYGYTFGSGTRLTVT,1
NSVKPEIRPVW,CSAREFLAGGSREQYF,0
VYAIFIFQL,CASSFPTSGQETQYF,1
VYAIFIFQL,CASSSLSGPENSPLHF,0
APRGAHGGAASGL,CAILGQGYGYTF,1
APRGAHGGAASGL,CASSSGGADFSNQPQHF,0
YVDDVVLGA,CASSYLTGEGDYGYTF,1
YVDDVVLGA,CASSSQGYLGDEQFF,0
GTIRPEIREMW,CASTGSYGYTFGSGTRLTVT,1
GTIRPEIREMW,CASSLDDPANYGYTF,0
FWLLGAWAL,AWSETGLGTGELF,1
FWLLGAWAL,CASSPLTPMDTEAFF,0
FFAGGIGIRTI,AWSETGLGTGELF,1
FFAGGIGIRTI,CATSEGLGKTGTDTQYF,0
LGIGVITI,RPGWMAGL,1
LGIGVITI,CASSARGAGGGQSNEQFF,0
LSITPEISPYF,CASTGSYGYTFGSGTRLTVT,1
LSITPEISPYF,CSARAGQQNQPQHF,0
SALRPEIRLLW,CASTGSYGYTFGSGTRLTVT,1
SALRPEIRLLW,CASSFDRAALEFF,0
NLVPMVAAV,CASSLAPGTTNEKLFF,1
NLVPMVAAV,CASSQEGGSRPEAFF,0
YLCSGSSYFV,CASSDGGISYNEQF,1
YLCSGSSYFV,CAWSASHLSGYTF,0
FWLLPAWAL,AWSETGLGTGELF,1
FWLLPAWAL,CARARCSLAKNSQYF,0
RSLAPEVRGYW,CASTGSYGYTFGSGTRLTVT,1
RSLAPEVRGYW,CASSLAAGNPPISGANVLTF,0
ACDPHSGHFV,CASSVVAGFNEQFF,1
ACDPHSGHFV,CARTPTLRGDEKLFF,0
LSLRPEIPLFF,CASTGSYGYTFGSGTRLTVT,1
LSLRPEIPLFF,CASSPLDLFGTDTQYF,0
ALVPMVATV,CASSLAPGTTNEKLFF,1
ALVPMVATV,CASDRVLGGNEQFF,0
KSFVPELKPAF,CASTGSYGYTFGSGTRLTVT,1
KSFVPELKPAF,CASSQDPGATDTQYF,0
HSKRKCDEL,ASSLRGRGDQPQH,1
HSKRKCDEL,CASSQQGDQFF,0
